entryTime,exitTime,entry,exit,return,reason
Tue Jan 27 2026 13:58:00 GMT+0300 (Москва,Tue Jan 27 2026 14:12:00 GMT+0300 (Москва,304.1,304.04,-0.0005973035185794221,time
Thu Jan 29 2026 17:21:00 GMT+0300 (Москва,Thu Jan 29 2026 17:35:00 GMT+0300 (Москва,310.8,310.92,-1.3899613899599284e-05,time
Thu Jan 29 2026 20:13:00 GMT+0300 (Москва,Thu Jan 29 2026 20:27:00 GMT+0300 (Москва,308.05,307.66,-0.0016660282421684348,time
Fri Jan 30 2026 13:13:00 GMT+0300 (Москва,Fri Jan 30 2026 13:27:00 GMT+0300 (Москва,305.83,305.23,-0.002361874243860857,time
Sun Feb 01 2026 02:04:00 GMT+0300 (Москва,Sun Feb 01 2026 02:22:00 GMT+0300 (Москва,306.0,306.05,-0.00023660130718950535,time
Sun Feb 01 2026 19:09:00 GMT+0300 (Москва,Sun Feb 01 2026 19:23:00 GMT+0300 (Москва,306.38,306.34,-0.0005305568248580863,time
Tue Feb 03 2026 07:05:00 GMT+0300 (Москва,Tue Feb 03 2026 07:19:00 GMT+0300 (Москва,304.93,304.8,-0.0008263273538188943,time
Wed Feb 04 2026 07:04:00 GMT+0300 (Москва,Wed Feb 04 2026 07:18:00 GMT+0300 (Москва,304.4,304.1,-0.0013855453350852646,time
